<?xml version="1.0" encoding="utf-8"?>
<manifest xmlns="http://www.w7.cc" versionCode="">
	
	<application setting='false'>
		<name><![CDATA[AI绘画]]></name>

		<identifie><![CDATA[xz_aipt]]></identifie>

		<version><![CDATA[1.0.0]]></version>

		<ability><![CDATA[AI绘画]]></ability>

		<description><![CDATA[AI绘画]]></description>

		<author><![CDATA[QQK05dzZDkNW]]></author>

		<url><![CDATA[]]></url>

	</application>

	
	<platform>
		<rule embed="false" />

		<card embed="false" />

	<supports>

			<item type="branch" />
			<item type="wxapp" />
	</supports>

	</platform>

	
	<bindings>

		<menu>
			<entry title="配置中心" do="config" state="config" direct="" displayorder="0" multilevel="false" parent="" />
		</menu>

	</bindings>

	<install><![CDATA[]]></install>
	<uninstall><![CDATA[]]></uninstall>
	<upgrade><![CDATA[]]></upgrade>
</manifest>